{"mean_start": 6.387495869657606, "std_start": 6.247136728693555}
